Name,Age,Gender,City
Abby Richardson,33,F,"New Brunswick, New Jersey"
Adam Coulson,21,M,"New Brunswick, New Jersey"
Adam Hart,29,M,"Skyhigh, Ohio"
Adelle Cobos ,41,F,"Del Monte, Georgia"
Adrian Churchill,31,M,"Slapneck, Tennessee"
Adrian Riva ,33,M,"Peapack, Iowa"
Albert Millan ,21,M,"New Brunswick, New Jersey"
Alexander Johnston,30,M,"Red Onion, Massachusetts"
Alicia Bash ,58,F,"Skyhigh, Ohio"
Alison Annis ,24,F,"Winniconic, New Hampshire"
Alita Steppe ,54,F,"Angels Camp, Ohio"
Altha Slifer ,66,F,"Weweantic, Massachusetts"
Alyce Plascencia ,52,F,"Little Switzerland, Alaska"
Andree Sherrell ,53,M,"Parrot, Vermont"
Andrew Simpson,31,M,"Hatchcakamocha, District of Columbia"
Angie Norby ,23,F,"Wideawake, Rhode Island"
Anglea Seibert ,56,F,"Athol, Maryland"
Anita Farris ,48,F,"Greece, New Jersey"
Antony Elsen ,21,M,"Holy Corners, Utah"
April Dutil ,70,F,"Tater Peeler, Oklahoma"
Asa Casselman ,24,F,"Modest Town, Hawaii"
Ashlie Walther ,22,F,"Hell, North Carolina"
Aurelio Mulder ,28,M,"Shake Rag, California"
Avelina Gordan ,21,F,"Toadtown, Indiana"
Ayesha Davalos ,35,F,"Snow Hill, Oklahoma"
Bert Beer ,48,M,"Coinjock, Missouri"
Blake Sanderson,21,M,"Hell, North Carolina"
Boris Manning,31,M,"Little Switzerland, Alaska"
Bradly Casimir ,44,M,"Fivemile, Kentucky"
Brain Rudasill ,60,M,"Ballplay, Vermont"
Brandon Paterson,23,M,"Trap Corner, Alabama"
Brent Yerian ,42,M,"Coinjock, Missouri"
Brian Forsyth,30,M,"Wideawake, Rhode Island"
Brian Lambert,22,M,"Modest Town, Hawaii"
Britt Costilla ,60,F,"Possum Bluff, Wyoming"
Bryan Mccullah ,60,M,"Chopin, Arizona"
Caleb Hankey ,26,M,"Red Wine, New Jersey"
Calvin Strother ,37,M,"Plentywood, Oregon"
Candyce Bloss ,22,F,"Hatchcakamocha, District of Columbia"
Caren Zuckerman ,59,F,"Chuloonawick, Alaska"
Carlie Casteel ,41,F,"Burning Fork, Oregon"
Cathrine Marra ,49,F,"Horneytown, Wisconsin"
Cedrick Dowdy ,56,M,"Indian Head, Missouri"
Cesar Lansford ,43,M,"Uno, Georgia"
Charles Terry,25,M,"Burning Fork, Oregon"
Christian Parsons,29,M,"Tater Peeler, Oklahoma"
Christian Welch,28,M,"Prince Frederick, Georgia"
Christopher Anderson,26,M,"Fivemile, Kentucky"
Christopher Graham,23,M,"Wharf, Alaska"
Chun Alberico ,34,M,"Buffalolick, Alaska"
Clark Dotson ,23,M,"Jeff Davis, New Mexico"
Claud Frias ,51,M,"Trap Corner, Alabama"
Clemmie Mckeehan ,32,M,"Little Switzerland, Alaska"
Colin Chapman,23,M,"Cude Crossing Windmill, Virginia"
Colin Villanova ,46,M,"Slapneck, Tennessee"
Collin Meloy ,59,M,"Red Onion, Massachusetts"
Coretta Cottle ,64,M,"Walkinghood, Alabama"
Cornell Timberlake ,44,M,"Sinker, West Virginia"
Craig Mcclain ,25,M,"Bugscuffle, Indiana"
Dan Murray,25,M,"Horneytown, Wisconsin"
Danette Stennis ,46,F,"Wharf, Alaska"
Danille Crater ,56,F,"Horneytown, Wisconsin"
Danna Mealing ,67,F,"Kravaksarak, Rhode Island"
Dave Townley ,36,M,"Black Eyes, Colorado"
David Hemmings,24,M,"Coinjock, Missouri"
Delphine Navarro ,28,F,"Shuffletown, Idaho"
Digna Mcpherson ,56,F,"Prince Frederick, Georgia"
Dion Lubin ,22,M,"Cude Crossing Windmill, Virginia"
Doreatha Woodmansee ,26,F,"Red Onion, Massachusetts"
Dorinda Diniz ,67,F,"Ninetyfour, Washington"
Dusty Odriscoll ,31,M,"On-a-Slant Village, District of Columbia"
Dylan Russell,29,M,"Indian Head, Missouri"
Eddy Sumler ,49,M,"Blood, North Dakota"
Edgar Harvill ,61,M,"Indianapolis, Oregon"
Edwardo Green ,60,M,"New Brunswick, New Jersey"
Edythe Hendry ,22,F,"Our Town, Arizona"
Efren Hussein ,36,M,"Hypoluxo, Virginia"
Elden Villalpando ,34,M,"Telegraph, New Hampshire"
Eliseo Heminger ,38,M,"Burnt Tree, Missouri"
Elli Meurer ,68,F,"Wiseman, Vermont"
Ellie Donnelly ,58,F,"Tannenbaum, Arizona"
Elva Frame ,23,F,"Shuffletown, Idaho"
Emelia Havis ,24,F,"White Shield, Iowa"
Emerald Urbano ,27,M,"Big Timber, Kansas"
Eric Ross,27,M,"Holy Corners, Utah"
Ermelinda Moya ,65,F,"Wyomanock, New York"
Errol Parsons ,47,M,"Moosehead, Florida"
Essie Herzog ,23,F,"Wharf, Alaska"
Evan Reid,30,M,"Del Monte, Georgia"
Ezra Laramie ,61,F,"Red Wine, New Jersey"
Faustino Fulford ,64,M,"Shake Rag, California"
Felix Walkup ,50,M,"Denmark, Minnesota"
Floria Zerangue ,60,F,"British Hollow, Maryland"
Forrest Beattie ,33,M,"Chance, Tennessee"
Frank Baker,30,M,"Coinjock, Missouri"
Frederick Beckstead ,46,M,"Buffalolick, Alaska"
Georgann Rosebrock ,69,F,"Skyhigh, Ohio"
Georgeanna Alvis ,32,F,"Falmouth, Wisconsin"
Georgetta Collins,32,M,"New Brunswick, New Jersey"
Gianna Spurgin ,36,F,"Old Moses, Iowa"
Goldie Yang ,56,M,"Red Top, South Dakota"
Gordon Greene,24,M,"Bugscuffle, Indiana"
Gordon MacDonald,31,M,"Buffalolick, Alaska"
Gregg Ebinger ,68,M,"Stranger, Ohio"
Gustavo Rhodus ,22,M,"Calendar, New York"
Ha Crampton ,52,F,"Hill Number 2, New Hampshire"
Harland Troupe ,44,M,"Angels Grove, Texas"
Harry Cameron,21,M,"Ballplay, Vermont"
Harry Short,26,M,"Chopin, Arizona"
Hillary Rosenow ,35,F,"Billy Goat Hill, Maryland"
Hope Bishop ,53,F,"Medical Lake, Illinois"
Hwa Blumberg ,51,F,"Indianapolis, Oregon"
Ian Mills,24,M,"Jeff Davis, New Mexico"
Irvin Tregre ,33,M,"Bat Cave, Nevada"
Jacob Bower,27,M,"Shake Rag, California"
Jammie Dick ,29,F,"Red Top, South Dakota"
Janae Ormand ,55,F,"Ogeecheeton, Wyoming"
Jane Doe,47,F,"Piscataway, New Jersey"
Jane Shmo,63,F,"New Brunswick, New Jersey"
Jane Smith,34,F,"New Brunswick, New Jersey"
Janella Scully ,36,F,"Two Locks, Arkansas"
Janette Briles ,69,F,"Weweantic, Massachusetts"
Janice Richards,45,M,"New Brunswick, New Jersey"
Janina Sut,45,F,"New Brunswick, New Jersey"
Janina Sutula,21,M,"New Brunswick, New Jersey"
Jason Hudson,21,M,"Walkinghood, Alabama"
Jeanette Lorentzen ,57,F,"Indian Head, Missouri"
Jeanice Kuehner ,37,F,"Telegraph, New Hampshire"
Jeraldine Fleenor ,57,F,"Chilchinbito, Mississippi"
Jerome Cockerham ,66,M,"Bagtown, Rhode Island"
Jerrold Chumley ,56,M,"White Kitchen, Maine"
Jess Knarr ,40,F,"Joy Haven, Hawaii"
Joe Larson,32,M,"New Brunswick, New Jersey"
Joe Shmo,68,M,"New Brunswick, New Jersey"
Joey Terra ,36,M,"Bestpitch, Arkansas"
John Doe,44,M,"Piscataway, New Jersey"
John Smith,38,M,"New Brunswick, New Jersey"
Jonathan Churchill,22,M,"Red Onion, Massachusetts"
Jonathan Jackson,22,M,"Black Eyes, Colorado"
Jone Sly ,32,M,"Snow Hill, Oklahoma"
Jong Switalski ,60,M,"Parrot, Vermont"
Joshua Martin,24,M,"New Brunswick, New Jersey"
Joshua Metcalfe,21,M,"Angels Camp, Ohio"
Joshua Vaughan,24,M,"Plentywood, Oregon"
Julia Sutula,21,F,"New Brunswick, New Jersey"
Julie Hamon ,67,F,"Black Eyes, Colorado"
Karla Vannorman ,27,F,"Canyondam, Washington"
Kasie Durand ,51,F,"Warrior, New Jersey"
Kathy Wray ,65,F,"Cozy Nook, Nebraska"
Kati Stallman ,39,F,"Tat Momoli, Nevada"
Keith Cawley ,69,M,"White Shield, Iowa"
Keith Hamilton,25,M,"Snow Hill, Oklahoma"
Keith North,30,M,"Kravaksarak, Rhode Island"
Korey Bales ,47,F,"Kracker Station, Utah"
Kris Fraizer ,59,F,"Walkinghood, Alabama"
Krystina Police ,25,F,"Hidden Timber, Oregon"
Kyla Rita ,43,F,"Experiment, Maine"
Lael Cerniglia ,44,M,"Winniconic, New Hampshire"
Latisha Wadsworth ,24,F,"Honolulu, Pennsylvania"
Laurice Wakeland ,51,M,"Frogtown, Maine"
Leia Cayer ,37,F,"Sinker, West Virginia"
Leonardo Mumma ,66,M,"Deadman Crossing, Delaware"
Leonila Leavell ,22,F,"Bullseye, South Carolina"
Leonore Gottschalk ,42,M,"Yum Yum, Missouri"
Lianne Maynes ,53,F,"Prince Frederick, Georgia"
Lina Belcher,48,F,"New Brunswick, New Jersey"
Lincoln Peralta ,48,M,"Wolf Trap, Oklahoma"
Lisa Hamernik ,31,F,"Yaggy, District of Columbia"
Lorretta Landon ,54,F,"Calendar, New York"
Luke Parsons,21,M,"Toadtown, Indiana"
Lynna Hisle ,46,F,"Circleville, Michigan"
Ma Keesler ,22,F,"Big Black, Colorado"
Mack Ly ,37,M,"Ballplay, Vermont"
Maddie Beale ,70,F,"Two Locks, Arkansas"
Madelaine Matheson ,67,F,"Athos, Michigan"
Malcolm Brawn ,43,M,"Powwow River, Arkansas"
Marianela Seawright ,49,F,"Sinker, North Carolina"
Marlyn Hine ,51,F,"Personville, Arizona"
Marvin Laine ,35,M,"Big Black, Colorado"
Matthew Golson ,69,M,"Kracker Station, Utah"
Meggan Selig ,36,F,"Nacogdoches, California"
Melba Oster ,31,F,"Boring, Louisiana"
Merrilee Jarnagin ,58,F,"Bestpitch, Arkansas"
Michael Chea ,23,M,"Ottumwa, Georgia"
Milly Stockwell ,56,F,"Bald Knobs, Wyoming"
Modesta Witcher ,47,F,"Sixes, Alabama"
Mohammad Fessler ,39,M,"Nogo, Montana"
Mollie Salmeron ,66,F,"Christmas City, Arizona"
Nakita Bressler ,55,F,"Tobacco, Kansas"
Nathan Cude ,41,M,"Ohm, Arkansas"
Neely Oba ,21,F,"Stranger, Ohio"
Neoma Hammaker ,65,F,"Fearing, Minnesota"
Nga Deshong ,24,F,"Angels Grove, Texas"
Nicholas Black,27,M,"Shuffletown, Idaho"
Nicholle Kuykendall ,62,F,"Coal Fire, Pennsylvania"
Nicolas Nygren ,31,M,"Cattown, Georgia"
Nicolasa Riordan ,24,F,"Lucky, Washington"
Orlando Lustig ,49,M,"Yaggy, District of Columbia"
Osvaldo Wann ,62,M,"Content, Arkansas"
Otelia Boehman ,22,F,"Fink Creek, Maine"
Otis Bucklew ,41,M,"Kilts, West Virginia"
Owen Davies,27,M,"Possum Bluff, Wyoming"
Owen Hodges,25,M,"Weweantic, Massachusetts"
Pansy Glass ,51,F,"Angels Camp, Ohio"
Paula Welk ,57,F,"Wyomanock, New York"
Pei Acker ,29,F,"Moose Town, Tennessee"
Pete Stehle ,24,M,"Green Acres, North Dakota"
Peter Alsop,27,M,"Athol, Maryland"
Peter Sut,69,M,"New Brunswick, New Jersey"
Piers Ince,21,M,"Red Wine, New Jersey"
Porfirio Scroggins ,55,M,"Four Locks, Texas"
Quiana Noblitt ,37,F,"Black Hawk, Maine"
Quinn Mai ,28,F,"Ham Lake, Hawaii"
Quyen Fletcher ,28,M,"Escatawpa, Wyoming"
Racquel Radney ,39,F,"Pronto, Pennsylvania"
Rafael Ellisor ,41,M,"New Brunswick, New Jersey"
Raymon Delapena ,43,M,"Cotopaxi, Minnesota"
Raymundo Reich ,69,M,"Big Lick, North Dakota"
Regina Guill ,52,F,"Loogootee, New Mexico"
Renate Erben ,44,M,"Hatchcakamocha, District of Columbia"
Richard Bond,28,M,"Uno, Georgia"
Ricki Simmer ,59,M,"Content, Arkansas"
Robbyn Fairey ,42,F,"Atlanta, Arkansas"
Rolando Hinojos ,55,M,"Tater Peeler, Oklahoma"
Ronnie Craft ,65,F,"Many, Wisconsin"
Rudy Sleeman ,27,M,"Moose Town, Tennessee"
Ryan Gray,30,M,"Peapack, Iowa"
Sang Ching ,23,M,"Shinhopple, District of Columbia"
Saran Fultz ,36,M,"Kilts, West Virginia"
Seth Spagnolo ,54,M,"Athol, Maryland"
Shane Treacy ,59,M,"Aptakisic, Arkansas"
Shela Rinehart ,56,F,"Plastic, Delaware"
Sherell Furry ,48,F,"Dinosaur, Florida"
Sook Vawter ,35,M,"Chopin, Arizona"
Stefanie Linz ,61,F,"Stamp, Vermont"
Stephane Morlan ,46,F,"Anaconda, Pennsylvania"
Stephen Jackson,21,M,"Winniconic, New Hampshire"
Stephen Jin,21,M,"New Brunswick, New Jersey"
Stephen MacDonald,27,M,"Horneytown, Wisconsin"
Suzanna Geil ,55,F,"Stotonic, South Dakota"
Suzanne Pfannenstiel ,39,F,"Toadtown, Indiana"
Suzy Chevez ,67,F,"Jeff Davis, New Mexico"
Tawana Loyola ,33,F,"Coffee, Nebraska"
Taylor Swift,56,F,"Piscataway, New Jersey"
Taylor Trombetta ,52,M,"Hill Number 2, New Hampshire"
Teisha Demelo ,47,F,"Chili, Massachusetts"
Thanh Hite ,68,M,"Puttstown, Tennessee"
Thomas Parsons,22,M,"Greece, New Jersey"
Thomas Sanderson,25,M,"Sinker, West Virginia"
Tifany Cacho ,35,F,"Constitution, Tennessee"
Toccara Tyra ,69,F,"Pronto, Pennsylvania"
Tom Imielinski,53,M,"New Brunswick, New Jersey"
Tracey Cozad ,25,F,"Escatawpa, Wyoming"
Treena Grabowski ,24,F,"Paris, Connecticut"
Trevor Buckland,25,M,"Little Switzerland, Alaska"
Trevor Parr,23,M,"Chuloonawick, Alaska"
Truman Noon ,56,M,"Nuckles, Rhode Island"
Valentin Buerger ,46,F,"Shinhopple, District of Columbia"
Vernon Krol ,37,M,"Loveladies, Minnesota"
Vicenta Primus ,37,F,"Wiseman, Vermont"
Vincenzo Gibby ,45,M,"Czar, Kentucky"
Warren Duncan,28,M,"Parrot, Vermont"
Washington Kensington,52,M,"New Brunswick, New Jersey"
Waylon Mcmath ,60,M,"Deep Hole, Alabama"
Willis Haight ,48,M,"Personville, Arizona"
Winford Etherton ,46,M,"Honolulu, Pennsylvania"
Wonda Martino ,51,F,"Toto, West Virginia"
Xiomara Landress ,33,F,"Fivemile, Kentucky"
Yanira Brew ,65,F,"Bullfrog, California"
Zoila Arwood ,34,F,"Ohm, Arkansas"
